overall_rank,position,full_name,team,bye,fantasy_points_per_game,week1_projection,week2_projection,week3_projection,week4_projection,week5_projection,week6_projection,week7_projection,week8_projection,week9_projection,week10_projection,week11_projection,week12_projection,week13_projection,week14_projection,week15_projection,week16_projection,week17_projection
1,QB,Andrew Luck,IND,10,22.1,15.6,23.1,19.2,23.7,21.0,24.2,27.2,18.0,21.3,0.0,24.3,28.3,22.8,19.4,25.7,16.5,23.5
2,QB,Drew Brees,NO,11,21.3,21.2,25.6,16.3,24.9,21.8,27.0,16.6,22.3,21.3,19.9,0.0,19.0,19.9,21.0,20.6,21.4,22.1
3,QB,Aaron Rodgers,GB,7,20.4,23.1,17.8,18.2,15.8,24.3,18.9,0.0,16.9,17.5,22.1,16.3,28.3,18.1,26.8,19.0,22.8,20.0
4,QB,Russell Wilson,SEA,9,20.4,18.7,16.2,26.6,20.9,19.0,20.2,14.8,20.7,0.0,26.3,18.1,25.6,15.4,19.8,19.2,22.9,21.5
5,QB,Peyton Manning,DEN,7,20.0,25.6,14.8,18.0,19.8,18.9,16.5,0.0,20.9,17.7,18.0,23.0,23.4,15.4,23.1,22.1,24.5,18.8
6,QB,Matt Ryan,ATL,10,19.8,25.6,17.5,19.7,22.4,23.4,19.4,16.8,24.7,14.1,0.0,19.5,17.9,20.2,15.7,16.9,19.2,23.7
7,RB,LeVeon Bell,PIT,11,19.7,15.9,18.7,17.3,17.7,20.6,20.8,21.1,23.1,23.8,27.2,0.0,14.2,22.4,18.9,17.0,14.5,22.2
8,QB,Ben Roethlisberger,PIT,11,19.3,18.3,18.3,18.9,24.5,14.7,26.5,14.1,23.4,22.1,19.3,0.0,13.9,20.7,19.2,19.7,20.0,15.8
9,QB,Tony Romo,DAL,6,18.3,20.1,19.6,24.3,18.1,19.8,0.0,16.4,14.9,24.0,18.9,13.4,17.9,17.9,14.4,18.9,12.7,21.9
10,QB,Eli Manning,NYG,11,18.0,17.7,23.4,21.1,12.3,15.6,18.9,21.7,17.5,18.2,19.1,0.0,17.3,18.2,13.0,17.3,13.2,23.1
11,QB,Tom Brady,NE,4,17.5,22.7,12.7,19.3,0.0,18.3,14.9,18.8,16.4,21.8,16.4,15.5,14.2,23.9,17.1,19.1,15.4,13.4
12,QB,Cam Newton,CAR,5,17.2,14.1,18.7,19.8,16.9,0.0,10.9,21.4,16.3,15.8,14.0,19.5,16.4,16.2,21.7,14.7,17.8,20.6
13,RB,Adrian Peterson,MIN,5,17.0,13.3,14.4,21.7,12.1,0.0,22.3,11.8,15.6,18.2,16.8,20.9,16.6,15.0,14.7,19.1,22.9,17.1
14,QB,Matthew Stafford,DET,9,16.8,12.5,13.2,16.7,11.8,22.6,22.9,16.2,12.0,0.0,13.9,18.8,23.1,17.0,16.1,17.5,15.6,18.7
15,QB,Ryan Tannehill,MIA,5,15.9,16.1,14.2,13.9,16.9,0.0,14.1,18.8,14.5,11.4,17.6,20.2,13.8,19.4,18.0,11.6,16.4,17.7
16,QB,Sam Bradford,PHI,8,15.6,16.6,18.7,12.9,14.9,18.5,16.7,12.2,0.0,15.3,13.7,19.2,12.6,13.5,12.9,19.5,18.2,13.7
17,RB,Eddie Lacy,GB,7,15.1,14.2,13.6,20.3,12.0,16.6,19.7,0.0,10.9,14.0,13.1,15.9,17.3,10.7,15.0,15.3,13.3,19.5
18,QB,Carson Palmer,ARI,9,14.5,18.4,16.1,13.4,16.9,12.6,15.4,17.9,11.6,0.0,10.1,17.1,10.9,13.8,13.9,16.3,14.6,12.4
19,QB,Colin Kaepernick,SF,10,14.3,13.2,14.7,15.1,13.9,12.9,17.0,11.7,13.1,19.1,0.0,9.6,18.4,15.2,11.0,16.3,11.9,16.0
20,WR,Antonio Brown,PIT,11,14.2,13.5,13.5,13.9,18.0,10.8,19.5,10.4,17.2,16.2,14.2,0.0,10.2,15.2,14.1,14.5,14.7,11.6
21,QB,Philip Rivers,SD,10,14.2,15.5,14.2,11.5,14.3,19.1,12.1,16.3,14.8,19.8,0.0,12.8,13.2,14.5,10.4,13.8,13.3,11.9
22,RB,CJ Anderson,DEN,7,13.9,11.8,14.1,9.1,16.6,13.0,14.9,0.0,16.1,12.3,17.3,12.1,13.0,13.8,15.9,10.1,15.5,16.8
23,QB,Teddy Bridgewater,MIN,5,13.7,10.4,14.6,12.5,11.2,0.0,12.0,12.0,15.3,16.1,12.6,13.9,15.7,11.8,15.1,18.7,15.8,11.4
24,RB,Jamaal Charles,KC,9,13.6,11.2,11.8,13.7,13.1,15.3,14.0,12.7,11.6,0.0,9.7,14.2,13.9,13.5,17.4,10.0,18.8,16.5
25,QB,Joe Flacco,BAL,9,13.4,11.2,12.5,16.3,14.7,13.4,10.4,15.1,12.5,0.0,15.2,16.0,11.0,10.6,11.7,12.0,17.9,13.3
26,WR,Julio Jones,ATL,10,13.3,17.2,11.8,13.2,15.1,15.7,13.0,11.3,16.6,9.5,0.0,13.1,12.0,13.6,10.5,11.3,12.9,15.9
27,QB,Jameis Winston,TB,6,13.1,13.0,12.3,11.6,12.2,13.1,0.0,12.1,13.5,13.6,15.3,13.3,10.1,16.5,15.1,11.3,16.1,10.0
28,QB,Jay Cutler,CHI,7,13.0,13.7,18.2,9.5,15.1,9.7,11.8,0.0,13.0,10.1,13.0,13.5,11.2,12.6,17.0,10.7,14.7,14.4
29,RB,Marshawn Lynch,SEA,9,12.9,11.7,13.4,15.0,11.3,12.8,14.7,10.4,10.6,0.0,14.0,12.7,12.4,13.7,9.8,18.4,14.3,11.5
30,DEF,Seattle Defense,SEA,9,12.8,11.7,11.7,13.9,13.9,11.7,13.9,11.7,11.7,0.0,13.9,13.9,13.9,11.7,11.7,13.9,13.9,11.7
31,QB,Andy Dalton,CIN,7,12.6,11.7,11.7,13.0,11.2,11.0,9.4,0.0,13.7,12.6,15.5,14.1,15.0,10.3,16.8,9.7,10.5,15.9
32,RB,Matt Forte,CHI,7,12.4,15.4,13.2,9.1,15.2,13.5,8.7,0.0,15.8,13.1,11.0,10.9,12.6,11.9,13.0,12.9,11.9,10.7
33,WR,Dez Bryant,DAL,6,12.2,13.4,13.1,16.2,12.1,13.2,0.0,10.9,9.9,16.0,12.6,9.0,12.0,11.9,9.6,12.6,8.5,14.6
34,DEF,Buffalo Defense,BUF,8,12.2,13.2,13.2,11.2,13.2,11.2,13.2,11.2,0.0,13.2,11.2,11.2,11.2,13.2,11.2,11.2,13.2,13.2
35,WR,Odell Beckham Jr,NYG,11,11.7,11.5,15.2,13.7,8.0,10.1,12.3,14.1,11.4,11.8,12.4,0.0,11.2,11.8,8.4,11.3,8.6,15.0
36,QB,Marcus Mariota,TEN,4,11.6,12.4,9.2,12.0,0.0,10.2,10.8,16.0,11.3,11.9,11.8,10.4,12.8,12.7,10.2,10.6,13.8,9.8
37,DEF,Houston Defense,HOU,9,11.6,12.6,10.6,12.6,10.6,12.6,10.6,10.6,12.6,0.0,10.6,12.6,12.6,10.6,12.6,10.6,10.6,12.6
38,TE,Rob Gronkowski,NE,4,11.4,14.8,8.3,12.6,0.0,12.0,9.7,12.3,10.7,14.2,10.7,10.1,9.2,15.6,11.2,12.5,10.0,8.8
39,QB,Tim Tebow,PHI,8,11.3,12.1,13.6,9.4,10.9,13.5,12.2,8.9,0.0,11.2,10.0,14.0,9.2,9.8,9.4,14.2,13.3,10.0
40,TE,Jimmy Graham,SEA,9,11.2,10.3,9.0,14.7,11.5,10.5,11.1,8.2,11.4,0.0,14.5,10.0,14.1,8.5,10.9,10.6,12.6,11.9
41,RB,DeMarco Murray,PHI,8,11.2,10.9,10.8,8.4,9.5,14.8,15.0,10.1,0.0,8.8,13.8,12.9,7.7,9.0,11.4,11.7,11.6,12.3
42,RB,Jeremy Hill,CIN,7,11.1,11.3,14.6,8.4,15.0,10.1,9.5,0.0,8.7,15.8,11.5,9.9,12.2,12.9,10.7,8.9,8.1,10.3
43,QB,Nick Foles,STL,6,11.1,9.3,11.2,14.2,11.9,9.0,0.0,10.6,10.1,8.5,14.8,11.0,10.5,14.6,11.6,14.4,7.6,8.2
44,QB,Derek Carr,OAK,6,11.0,13.7,14.3,9.2,12.8,11.5,0.0,8.6,12.5,12.3,11.1,10.1,10.4,10.1,9.4,11.7,10.5,8.3
45,RB,Justin Forsett,BAL,9,10.8,7.5,10.5,12.5,8.1,14.7,8.3,9.2,13.6,0.0,11.6,11.4,12.0,10.8,9.4,13.9,9.9,10.2
46,WR,Calvin Johnson,DET,9,10.8,8.1,8.5,10.8,7.6,14.5,14.7,10.4,7.7,0.0,9.0,12.1,14.9,11.0,10.4,11.3,10.0,12.0
47,WR,Demaryius Thomas,DEN,7,10.8,13.8,8.0,9.7,10.7,10.2,8.9,0.0,11.3,9.5,9.7,12.4,12.6,8.3,12.4,11.9,13.2,10.1
48,DEF,St. Louis Defense,STL,6,10.8,11.7,9.9,11.7,9.9,9.9,0.0,11.7,11.7,9.9,11.7,9.9,9.9,11.7,11.7,11.7,9.9,9.9
49,RB,LeSean McCoy,BUF,8,10.7,12.0,10.4,10.7,14.2,11.7,12.4,9.5,0.0,13.1,7.9,8.5,11.3,10.6,9.4,8.9,10.2,9.7
50,TE,Greg Olsen,CAR,5,10.5,8.7,11.5,12.2,10.4,0.0,6.7,13.2,10.0,9.7,8.6,12.0,10.1,10.0,13.3,9.0,10.9,12.7
51,WR,Jordy Nelson,GB,7,10.5,11.9,9.2,9.3,8.1,12.5,9.7,0.0,8.7,9.0,11.4,8.4,14.5,9.3,13.8,9.8,11.7,10.3
52,DEF,Miami Defense,MIA,5,10.4,9.6,9.6,11.2,11.2,0.0,9.6,11.2,9.6,9.6,9.6,11.2,9.6,11.2,11.2,9.6,11.2,11.2
53,DEF,Arizona Defense,ARI,9,10.4,11.2,9.6,11.2,11.2,9.6,9.6,11.2,9.6,0.0,9.6,11.2,9.6,9.6,11.2,9.6,11.2,11.2
54,DEF,NY Jets Defense,NYJ,5,10.4,11.2,9.6,11.2,9.6,0.0,11.2,9.6,9.6,11.2,11.2,9.6,11.2,9.6,11.2,9.6,11.2,9.6
55,WR,A.J. Green,CIN,7,10.4,9.7,9.6,10.7,9.2,9.1,7.7,0.0,11.3,10.3,12.7,11.6,12.3,8.5,13.8,8.0,8.6,13.1
56,WR,Mike Evans,TB,6,10.3,10.2,9.7,9.2,9.6,10.3,0.0,9.6,10.6,10.7,12.0,10.5,8.0,13.0,11.8,8.9,12.7,7.8
57,RB,Frank Gore,IND,10,10.3,8.5,9.4,11.4,11.2,8.4,10.1,13.6,9.3,8.9,0.0,10.0,11.8,7.8,9.2,10.3,10.4,14.0
58,DEF,Denver Defense,DEN,7,10.2,11.0,9.4,9.4,11.0,9.4,9.4,0.0,11.0,9.4,11.0,9.4,11.0,9.4,11.0,9.4,11.0,11.0
59,WR,Brandin Cooks,NO,11,10.1,10.1,12.2,7.8,11.9,10.4,12.8,7.9,10.6,10.1,9.5,0.0,9.1,9.5,10.0,9.8,10.2,10.5
60,DEF,Philadelphia Defense,PHI,8,10.0,9.2,10.8,9.2,9.2,10.8,10.8,9.2,0.0,9.2,10.8,10.8,9.2,9.2,10.8,10.8,10.8,9.2
61,DEF,Carolina Defense,CAR,5,10.0,9.2,10.8,10.8,9.2,0.0,9.2,10.8,10.8,10.8,9.2,10.8,9.2,9.2,10.8,9.2,9.2,10.8
62,RB,Lamar Miller,MIA,5,10.0,8.8,9.3,10.5,9.5,0.0,11.5,10.4,8.3,8.6,9.2,10.0,7.7,9.3,13.9,10.8,11.8,10.2
63,QB,Johnny Manziel,CLE,11,9.8,8.5,10.5,10.7,7.1,9.7,9.5,9.2,12.9,9.3,10.3,0.0,11.9,11.4,8.9,6.7,6.9,12.5
64,TE,Travis Kelce,KC,9,9.7,9.8,9.9,8.2,9.7,13.5,7.8,13.0,10.6,0.0,8.1,7.4,8.9,9.1,9.0,10.1,9.7,11.1
65,RB,Latavius Murray,OAK,6,9.7,11.1,8.5,10.7,8.7,8.2,0.0,9.9,8.7,7.2,11.9,6.6,10.6,12.4,6.7,11.6,12.1,10.2
66,WR,T.Y. Hilton,IND,10,9.7,6.8,10.1,8.4,10.4,9.2,10.6,11.9,7.9,9.3,0.0,10.7,12.4,10.0,8.5,11.3,7.2,10.3
67,WR,Jordan Matthews,PHI,8,9.6,10.3,11.6,8.0,9.2,11.4,10.4,7.6,0.0,9.5,8.5,11.9,7.8,8.3,8.0,12.1,11.3,8.5
68,DEF,Kansas City Defense,KC,9,9.6,8.8,10.4,8.8,8.8,10.4,8.8,10.4,10.4,0.0,8.8,8.8,10.4,8.8,10.4,8.8,10.4,10.4
69,RB,Ameer Abdullah,DET,9,9.6,9.7,9.6,8.0,6.7,9.8,10.4,11.7,9.9,0.0,9.3,11.2,10.1,11.4,8.1,10.1,8.8,8.5
70,WR,Randall Cobb,GB,7,9.5,10.8,8.3,8.5,7.3,11.3,8.8,0.0,7.9,8.2,10.3,7.6,13.2,8.4,12.5,8.9,10.6,9.3
71,RB,Joseph Randle,DAL,6,9.5,12.5,8.3,11.1,10.1,9.2,0.0,10.2,8.2,10.1,8.8,9.5,10.3,7.9,9.3,8.5,7.8,9.6
72,RB,Jonathan Stewart,CAR,5,9.5,8.1,9.0,12.0,8.5,0.0,6.5,9.8,10.3,11.0,10.0,9.3,7.1,9.8,10.7,9.9,8.8,10.4
73,RB,Mark Ingram,NO,11,9.4,8.0,10.7,8.4,9.0,8.3,11.0,8.7,12.5,12.6,7.9,0.0,7.6,10.3,8.8,7.9,10.2,9.0
74,RB,Alfred Morris,WAS,8,9.4,11.4,9.9,10.1,10.0,9.0,6.9,10.6,0.0,7.4,12.2,8.3,12.4,8.9,8.4,9.4,8.2,7.3
75,DEF,New England Defense,NE,4,9.4,10.1,8.7,10.1,0.0,8.7,8.7,10.1,10.1,10.1,8.7,10.1,8.7,10.1,8.7,10.1,8.7,8.7
76,RB,Melvin Gordon,SD,10,9.3,7.8,8.8,9.4,12.6,8.5,9.2,11.1,6.7,10.3,0.0,12.0,8.2,7.9,9.8,11.4,9.0,6.5
77,TE,Jordan Cameron,MIA,5,9.3,9.3,8.3,8.1,9.9,0.0,8.2,11.0,8.4,6.6,10.3,11.7,8.1,11.3,10.5,6.8,9.5,10.3
78,WR,Alshon Jeffery,CHI,7,9.2,9.7,12.9,6.7,10.7,6.9,8.4,0.0,9.2,7.1,9.2,9.6,8.0,8.9,12.0,7.5,10.4,10.2
79,DEF,Cincinnati Defense,CIN,7,9.2,8.5,9.9,8.5,9.9,9.9,8.5,0.0,8.5,9.9,9.9,8.5,9.9,8.5,9.9,8.5,8.5,9.9
80,DEF,Green Bay Defense,GB,7,9.2,8.5,9.9,9.9,8.5,9.9,9.9,0.0,8.5,8.5,9.9,8.5,9.9,8.5,9.9,8.5,8.5,9.9
81,DEF,Minnesota Defense,MIN,5,9.2,8.5,9.9,9.9,8.5,0.0,9.9,8.5,8.5,9.9,8.5,9.9,8.5,9.9,8.5,9.9,9.9,8.5
82,RB,C.J. Spiller,NO,11,9.1,7.7,10.4,8.1,8.7,8.0,10.7,8.4,12.1,12.2,7.6,0.0,7.4,9.9,8.5,7.6,9.8,8.7
83,PK,Adam Vinatieri,IND,10,9.1,8.2,10.0,8.2,10.0,8.2,10.0,10.0,8.2,10.0,0.0,8.2,10.0,8.2,8.2,10.0,8.2,10.0
84,PK,Stephen Gostkowski,NE,4,9.0,9.9,8.1,9.9,0.0,8.1,8.1,9.9,9.9,9.9,8.1,9.9,8.1,9.9,8.1,9.9,8.1,8.1
85,WR,Andre Johnson,IND,10,9.0,6.3,9.4,7.8,9.6,8.5,9.8,11.0,7.3,8.6,0.0,9.9,11.5,9.3,7.8,10.4,6.7,9.5
86,TE,Martellus Bennett,CHI,7,8.9,9.3,12.4,6.5,10.3,6.6,8.0,0.0,8.9,6.9,8.8,9.2,7.6,8.5,11.6,7.3,10.0,9.8
87,WR,DeAndre Hopkins,HOU,9,8.8,7.7,7.4,11.6,10.0,9.2,7.9,6.8,9.6,0.0,8.5,9.5,11.2,6.4,9.9,7.5,7.9,9.7
88,RB,Andre Ellington,ARI,9,8.8,12.0,8.3,8.6,9.7,6.3,6.9,8.1,10.2,0.0,6.5,10.6,7.0,7.9,11.4,8.0,11.1,8.0
89,WR,Julian Edelman,NE,4,8.7,11.3,6.3,9.5,0.0,9.1,7.4,9.3,8.1,10.8,8.1,7.7,7.0,11.8,8.5,9.5,7.6,6.6
90,WR,Emmanuel Sanders,DEN,7,8.6,10.9,6.3,7.7,8.5,8.1,7.1,0.0,9.0,7.6,7.7,9.8,10.0,6.6,9.9,9.5,10.5,8.0
91,QB,Robert Griffin III,WAS,8,8.5,7.3,9.1,7.3,10.7,8.9,6.9,10.3,0.0,7.2,9.9,6.6,9.0,10.0,8.7,6.9,8.8,8.2
92,DEF,Indianapolis Defense,IND,10,8.4,7.8,9.0,7.8,9.0,7.8,9.0,9.0,7.8,9.0,0.0,7.8,9.0,7.8,7.8,9.0,7.8,9.0
93,QB,Tyrod Taylor,BAL,9,8.4,7.0,7.9,10.2,9.2,8.4,6.5,9.4,7.8,0.0,9.5,10.0,6.9,6.6,7.4,7.5,11.2,8.3
94,RB,Doug Martin,TB,6,8.3,10.8,8.6,6.5,8.8,8.7,0.0,6.7,7.7,10.7,7.7,7.1,7.4,9.4,10.5,6.9,8.9,7.2
95,PK,Justin Tucker,BAL,9,8.2,7.4,7.4,9.0,7.4,9.0,7.4,7.4,9.0,0.0,9.0,9.0,7.4,7.4,9.0,9.0,9.0,7.4
96,DEF,Detroit Defense,DET,9,8.2,7.6,7.6,8.8,7.6,8.8,8.8,8.8,7.6,0.0,7.6,8.8,8.8,8.8,7.6,7.6,8.8,7.6
97,DEF,Baltimore Defense,BAL,9,8.2,7.6,7.6,8.8,7.6,8.8,7.6,7.6,8.8,0.0,8.8,8.8,7.6,7.6,8.8,8.8,8.8,7.6
98,DEF,Cleveland Defense,CLE,11,8.2,7.6,8.8,8.8,7.6,7.6,8.8,7.6,8.8,7.6,7.6,0.0,8.8,8.8,8.8,7.6,7.6,8.8
99,PK,Matt Prater,DET,9,8.2,7.4,7.4,9.0,7.4,9.0,9.0,9.0,7.4,0.0,7.4,9.0,9.0,9.0,7.4,7.4,9.0,7.4
100,PK,Steven Hauschka,SEA,9,8.1,7.3,7.3,8.9,8.9,7.3,8.9,7.3,7.3,0.0,8.9,8.9,8.9,7.3,7.3,8.9,8.9,7.3
101,PK,Mason Crosby,GB,7,8.1,7.3,8.9,8.9,7.3,8.9,8.9,0.0,7.3,7.3,8.9,7.3,8.9,7.3,8.9,7.3,7.3,8.9
102,PK,Dan Bailey,DAL,6,8.1,8.9,7.3,8.9,7.3,8.9,0.0,7.3,8.9,8.9,7.3,7.3,8.9,7.3,7.3,8.9,7.3,8.9
103,RB,Carlos Hyde,SF,10,8.1,10.3,6.2,7.0,10.0,9.0,7.3,7.2,7.2,9.7,0.0,5.9,8.6,7.5,9.2,9.6,5.7,8.7
104,PK,Cody Parkey,PHI,8,8.0,7.2,8.8,7.2,7.2,8.8,8.8,7.2,0.0,7.2,8.8,8.8,7.2,7.2,8.8,8.8,8.8,7.2
105,PK,Connor Barth,DEN,7,8.0,8.8,7.2,7.2,8.8,7.2,7.2,0.0,8.8,7.2,8.8,7.2,8.8,7.2,8.8,7.2,8.8,8.8
106,TE,Julius Thomas,JAC,8,7.9,7.9,7.9,7.9,7.9,7.9,7.9,7.9,0.0,7.9,7.9,7.9,7.9,7.9,7.9,7.9,7.9,7.9
107,WR,Golden Tate,DET,9,7.9,5.9,6.2,7.8,5.5,10.6,10.7,7.6,5.6,0.0,6.5,8.8,10.8,8.0,7.5,8.2,7.3,8.8
108,WR,Jarvis Landry,MIA,5,7.8,7.9,7.0,6.9,8.3,0.0,6.9,9.3,7.1,5.6,8.7,9.9,6.8,9.5,8.9,5.7,8.1,8.7
109,DEF,Dallas Defense,DAL,6,7.8,8.4,7.2,8.4,7.2,8.4,0.0,7.2,8.4,8.4,7.2,7.2,8.4,7.2,7.2,8.4,7.2,8.4
110,RB,TJ Yeldon,JAC,8,7.8,7.8,7.8,7.8,7.8,7.8,7.8,7.8,0.0,7.8,7.8,7.8,7.8,7.8,7.8,7.8,7.8,7.8
111,WR,Vincent Jackson,TB,6,7.7,7.6,7.2,6.8,7.1,7.7,0.0,7.1,7.9,8.0,8.9,7.8,5.9,9.7,8.8,6.6,9.4,5.8
112,PK,Greg Zuerlein,STL,6,7.6,8.4,6.8,8.4,6.8,6.8,0.0,8.4,8.4,6.8,8.4,6.8,6.8,8.4,8.4,8.4,6.8,6.8
113,PK,Nick Novak,SD,10,7.6,8.4,6.8,6.8,8.4,8.4,6.8,8.4,6.8,8.4,0.0,8.4,6.8,8.4,6.8,8.4,6.8,6.8
114,PK,Matt Bryant,ATL,10,7.6,8.4,6.8,6.8,8.4,8.4,6.8,6.8,8.4,6.8,0.0,8.4,8.4,6.8,6.8,6.8,8.4,8.4
115,WR,DeSean Jackson,WAS,8,7.6,6.6,8.1,6.6,9.6,7.9,6.2,9.2,0.0,6.5,8.9,5.9,8.0,9.0,7.7,6.2,7.8,7.3
116,WR,Nelson Agholor,PHI,8,7.6,8.1,9.1,6.3,7.3,9.0,8.1,6.0,0.0,7.5,6.7,9.4,6.2,6.6,6.3,9.5,8.9,6.7
117,WR,Amari Cooper,OAK,6,7.6,9.4,9.8,6.3,8.8,7.9,0.0,5.9,8.6,8.5,7.6,6.9,7.1,6.9,6.5,8.0,7.2,5.7
118,WR,Victor Cruz,NYG,11,7.5,7.4,9.8,8.8,5.1,6.5,7.9,9.0,7.3,7.6,7.9,0.0,7.2,7.6,5.4,7.2,5.5,9.6
119,WR,Sammy Watkins,BUF,8,7.5,7.7,8.3,5.7,8.5,6.6,8.7,6.7,0.0,6.9,6.5,6.8,5.3,8.8,8.3,7.5,9.5,7.9
120,QB,Alex Smith,KC,9,7.5,7.5,7.6,6.3,7.4,10.3,6.0,9.9,8.1,0.0,6.2,5.7,6.8,6.9,6.9,7.7,7.4,8.5
121,WR,Brandon Marshall,NYJ,5,7.4,7.3,6.4,10.2,5.7,0.0,9.3,6.9,6.8,8.3,6.6,7.3,7.0,7.0,8.2,7.9,8.4,5.4
122,DEF,Tampa Bay Defense,TB,6,7.4,7.9,6.9,6.9,7.9,7.9,0.0,6.9,6.9,7.9,7.9,6.9,6.9,7.9,7.9,6.9,7.9,6.9
123,DEF,Pittsburgh Defense,PIT,11,7.4,6.9,7.9,6.9,7.9,6.9,7.9,6.9,7.9,7.9,7.9,0.0,6.9,7.9,6.9,7.9,6.9,6.9
124,DEF,San Francisco Defense,SF,10,7.4,7.9,6.9,6.9,7.9,6.9,7.9,7.9,6.9,7.9,0.0,6.9,7.9,6.9,6.9,7.9,6.9,7.9
125,DEF,Tennessee Defense,TEN,4,7.4,6.9,6.9,7.9,0.0,7.9,7.9,7.9,6.9,6.9,7.9,6.9,7.9,7.9,6.9,6.9,7.9,6.9
126,WR,Keenan Allen,SD,10,7.4,8.1,7.3,6.0,7.4,9.9,6.3,8.5,7.7,10.3,0.0,6.6,6.9,7.5,5.4,7.1,6.9,6.2
127,WR,Martavis Bryant,PIT,11,7.4,7.0,7.0,7.2,9.3,5.6,10.1,5.4,8.9,8.4,7.4,0.0,5.3,7.9,7.3,7.5,7.6,6.0
128,WR,Allen Robinson,JAC,8,7.3,7.3,7.3,7.3,7.3,7.3,7.3,7.3,0.0,7.3,7.3,7.3,7.3,7.3,7.3,7.3,7.3,7.3
129,RB,Todd Gurley,STL,6,7.3,6.8,6.5,7.1,6.6,7.7,0.0,10.6,7.3,7.9,8.6,5.6,7.3,8.1,6.5,8.9,5.5,6.0
130,PK,Chandler Catanzaro,ARI,9,7.3,8.0,6.6,8.0,8.0,6.6,6.6,8.0,6.6,0.0,6.6,8.0,6.6,6.6,8.0,6.6,8.0,8.0
131,TE,Owen Daniels,DEN,7,7.3,9.3,5.4,6.5,7.2,6.9,6.0,0.0,7.6,6.4,6.6,8.4,8.5,5.6,8.4,8.0,8.9,6.8
132,DEF,San Diego Defense,SD,10,7.2,7.7,6.7,6.7,7.7,7.7,6.7,7.7,6.7,7.7,0.0,7.7,6.7,7.7,6.7,7.7,6.7,6.7
133,PK,Garrett Hartley,NO,11,7.2,6.5,7.9,6.5,7.9,6.5,7.9,6.5,7.9,7.9,6.5,0.0,6.5,7.9,6.5,7.9,7.9,6.5
134,DEF,Atlanta Defense,ATL,10,7.2,7.7,6.7,6.7,7.7,7.7,6.7,6.7,7.7,6.7,0.0,7.7,7.7,6.7,6.7,6.7,7.7,7.7
135,PK,Blair Walsh,MIN,5,7.2,6.5,7.9,7.9,6.5,0.0,7.9,6.5,6.5,7.9,6.5,7.9,6.5,7.9,6.5,7.9,7.9,6.5
136,PK,Shaun Suisham,PIT,11,7.2,6.5,7.9,6.5,7.9,6.5,7.9,6.5,7.9,7.9,7.9,0.0,6.5,7.9,6.5,7.9,6.5,6.5
137,PK,Dan Carpenter,BUF,8,7.2,7.9,7.9,6.5,7.9,6.5,7.9,6.5,0.0,7.9,6.5,6.5,6.5,7.9,6.5,6.5,7.9,7.9
138,PK,Sebastian Janikowski,OAK,6,7.1,7.8,7.8,6.4,6.4,7.8,0.0,6.4,7.8,6.4,7.8,6.4,6.4,7.8,6.4,7.8,7.8,6.4
139,PK,Caleb Sturgis,MIA,5,7.1,6.4,6.4,7.8,7.8,0.0,6.4,7.8,6.4,6.4,6.4,7.8,6.4,7.8,7.8,6.4,7.8,7.8
140,WR,Jeremy Maclin,KC,9,7.1,7.1,7.2,6.0,7.0,9.8,5.7,9.5,7.7,0.0,5.9,5.4,6.5,6.6,6.6,7.3,7.1,8.1
141,TE,Jason Witten,DAL,6,7.0,7.7,7.5,9.3,6.9,7.6,0.0,6.3,5.7,9.2,7.2,5.2,6.9,6.9,5.5,7.2,4.9,8.4
142,DEF,Washington Defense,WAS,8,7.0,7.5,7.5,6.5,7.5,6.5,6.5,7.5,0.0,6.5,7.5,6.5,7.5,7.5,6.5,7.5,6.5,6.5
143,DEF,Jacksonville Defense,JAC,8,7.0,7.0,7.0,7.0,7.0,7.0,7.0,7.0,0.0,7.0,7.0,7.0,7.0,7.0,7.0,7.0,7.0,7.0
144,DEF,NY Giants Defense,NYG,11,7.0,6.5,7.5,7.5,6.5,7.5,6.5,7.5,6.5,6.5,7.5,0.0,6.5,7.5,6.5,7.5,6.5,7.5
145,DEF,Oakland Defense,OAK,6,7.0,7.5,7.5,6.5,6.5,7.5,0.0,6.5,7.5,6.5,7.5,6.5,6.5,7.5,6.5,7.5,7.5,6.5
146,DEF,Chicago Defense,CHI,7,7.0,7.5,7.5,6.5,7.5,6.5,6.5,0.0,7.5,6.5,6.5,7.5,6.5,7.5,7.5,6.5,6.5,7.5
147,DEF,New Orleans Defense,NO,11,7.0,6.5,7.5,6.5,7.5,6.5,7.5,6.5,7.5,7.5,6.5,0.0,6.5,7.5,6.5,7.5,7.5,6.5
148,RB,Arian Foster,HOU,9,7.0,8.6,6.0,7.6,6.4,7.5,5.9,6.7,9.0,0.0,6.3,6.0,8.8,5.5,6.5,6.1,7.3,7.2
149,WR,Charles Johnson,MIN,5,6.8,5.2,7.3,6.2,5.6,0.0,6.0,6.0,7.6,8.0,6.3,6.9,7.8,5.9,7.5,9.3,7.9,5.7
150,PK,Alex Henery,PHI,8,6.8,6.1,7.5,6.1,6.1,7.5,7.5,6.1,0.0,6.1,7.5,7.5,6.1,6.1,7.5,7.5,7.5,6.1
151,WR,John Brown,ARI,9,6.8,8.6,7.5,6.3,7.9,5.9,7.3,8.4,5.4,0.0,4.8,8.0,5.1,6.5,6.5,7.6,6.9,5.8
152,RB,Giovani Bernard,CIN,7,6.7,6.9,8.8,5.1,9.1,6.1,5.8,0.0,5.3,9.6,6.9,6.0,7.4,7.8,6.5,5.4,4.9,6.2
153,RB,Chris Ivory,NYJ,5,6.7,9.0,6.1,7.1,6.6,0.0,6.8,5.3,6.4,7.2,6.6,5.3,8.1,7.2,8.9,5.2,6.4,5.4
154,PK,Robbie Gould,CHI,7,6.7,7.4,7.4,6.0,7.4,6.0,6.0,0.0,7.4,6.0,6.0,7.4,6.0,7.4,7.4,6.0,6.0,7.4
155,TE,Zach Ertz,PHI,8,6.7,7.1,8.0,5.5,6.4,7.9,7.2,5.3,0.0,6.6,5.9,8.3,5.4,5.8,5.6,8.4,7.8,5.9
156,RB,Rashad Jennings,NYG,11,6.6,5.3,8.0,7.0,5.6,6.4,6.0,6.5,7.3,6.4,6.6,0.0,5.7,6.2,6.8,7.4,6.9,7.3
157,WR,Roddy White,ATL,10,6.4,8.3,5.7,6.4,7.3,7.6,6.3,5.4,8.0,4.6,0.0,6.3,5.8,6.5,5.1,5.5,6.2,7.7
158,PK,Randy Bullock,HOU,9,6.4,7.0,5.8,7.0,5.8,7.0,5.8,5.8,7.0,0.0,5.8,7.0,7.0,5.8,7.0,5.8,5.8,7.0
159,RB,Alfred Blue,HOU,9,6.4,7.9,5.5,7.0,5.9,6.9,5.4,6.1,8.2,0.0,5.8,5.5,8.0,5.0,5.9,5.6,6.7,6.6
160,PK,Clint Stitser,FA,12,6.3,6.3,6.3,6.3,6.3,6.3,6.3,6.3,6.3,6.3,6.3,6.3,0.0,6.3,6.3,6.3,6.3,6.3
161,PK,Graham Gano,CAR,5,6.3,5.7,6.9,6.9,5.7,0.0,5.7,6.9,6.9,6.9,5.7,6.9,5.7,5.7,6.9,5.7,5.7,6.9
162,TE,Delanie Walker,TEN,4,6.3,6.7,4.9,6.5,0.0,5.5,5.8,8.6,6.1,6.4,6.4,5.6,6.9,6.8,5.5,5.7,7.4,5.3
163,TE,Tyler Eifert,CIN,7,6.2,5.8,5.7,6.4,5.5,5.4,4.6,0.0,6.8,6.2,7.6,6.9,7.4,5.1,8.3,4.8,5.1,7.8
164,PK,Cairo Santos,KC,9,6.2,5.6,6.8,5.6,5.6,6.8,5.6,6.8,6.8,0.0,5.6,5.6,6.8,5.6,6.8,5.6,6.8,6.8
165,RB,Danny Woodhead,SD,10,6.2,5.2,5.8,6.3,8.4,5.7,6.1,7.3,4.5,6.8,0.0,8.0,5.5,5.3,6.5,7.6,6.0,4.3
166,RB,Joique Bell,DET,9,6.2,6.2,6.1,5.2,4.3,6.3,6.7,7.5,6.4,0.0,6.0,7.2,6.5,7.3,5.2,6.5,5.7,5.5
167,RB,LeGarrette Blount,NE,4,6.2,5.9,5.2,6.9,0.0,5.0,5.9,5.8,7.8,6.5,6.9,6.4,4.5,6.8,5.2,8.6,4.7,6.4
168,WR,Marques Colston,NO,11,6.0,6.0,7.3,4.6,7.1,6.2,7.6,4.7,6.3,6.0,5.6,0.0,5.4,5.6,5.9,5.8,6.1,6.2
169,RB,Shane Vereen,NYG,11,6.0,4.9,7.3,6.4,5.1,5.8,5.5,6.0,6.7,5.8,6.1,0.0,5.2,5.6,6.2,6.8,6.3,6.7
170,WR,Pierre Garcon,WAS,8,6.0,5.2,6.4,5.2,7.6,6.3,4.9,7.3,0.0,5.1,7.0,4.6,6.3,7.1,6.1,4.9,6.2,5.8
171,WR,Larry Fitzgerald,ARI,9,6.0,7.6,6.6,5.5,6.9,5.2,6.4,7.4,4.8,0.0,4.2,7.1,4.5,5.7,5.7,6.7,6.0,5.1
172,PK,Shane Lechler,HOU,9,5.9,6.5,5.3,6.5,5.3,6.5,5.3,5.3,6.5,0.0,5.3,6.5,6.5,5.3,6.5,5.3,5.3,6.5
173,QB,Blake Bortles,JAC,8,5.9,5.9,5.9,5.9,5.9,5.9,5.9,5.9,0.0,5.9,5.9,5.9,5.9,5.9,5.9,5.9,5.9,5.9
174,WR,Mike Wallace,MIN,5,5.9,4.5,6.3,5.3,4.8,0.0,5.1,5.1,6.5,6.9,5.4,6.0,6.7,5.0,6.5,8.0,6.8,4.9
175,WR,Kelvin Benjamin,CAR,5,5.8,4.8,6.4,6.7,5.7,0.0,3.7,7.3,5.5,5.3,4.8,6.6,5.6,5.5,7.4,5.0,6.0,7.0
176,WR,Anquan Boldin,SF,10,5.8,5.4,6.0,6.1,5.7,5.3,6.9,4.8,5.3,7.8,0.0,3.9,7.5,6.2,4.5,6.6,4.9,6.5
177,RB,Tevin Coleman,ATL,10,5.8,6.0,6.1,4.4,5.6,5.8,6.0,6.2,6.4,4.3,0.0,6.3,7.0,5.2,5.0,5.0,6.1,7.4
178,RB,Devonta Freeman,ATL,10,5.8,6.0,6.1,4.4,5.6,5.8,6.0,6.2,6.4,4.3,0.0,6.3,7.0,5.2,5.0,5.0,6.1,7.4
179,PK,Phil Dawson,SF,10,5.8,6.4,5.2,5.2,6.4,5.2,6.4,6.4,5.2,6.4,0.0,5.2,6.4,5.2,5.2,6.4,5.2,6.4
180,RB,Ryan Mathews,PHI,8,5.8,5.6,5.6,4.3,4.9,7.7,7.8,5.2,0.0,4.6,7.2,6.7,4.0,4.7,5.9,6.1,6.0,6.4
181,TE,Josh Hill,NO,11,5.6,5.6,6.8,4.3,6.6,5.8,7.1,4.4,5.9,5.6,5.3,0.0,5.0,5.3,5.5,5.4,5.7,5.8
182,WR,Davante Adams,GB,7,5.6,6.4,4.9,5.0,4.3,6.7,5.2,0.0,4.7,4.8,6.1,4.5,7.8,5.0,7.4,5.2,6.3,5.5
183,WR,Steve Smith,BAL,9,5.6,4.7,5.3,6.8,6.1,5.6,4.4,6.3,5.2,0.0,6.4,6.7,4.6,4.4,4.9,5.0,7.5,5.6
184,WR,Brandon LaFell,NE,4,5.5,7.2,4.0,6.1,0.0,5.8,4.7,6.0,5.2,6.9,5.2,4.9,4.5,7.6,5.4,6.0,4.9,4.2
185,RB,Tre Mason,STL,6,5.5,5.1,4.9,5.4,5.0,5.8,0.0,8.0,5.5,6.0,6.5,4.3,5.6,6.1,4.9,6.7,4.2,4.5
186,WR,Kendall Wright,TEN,4,5.5,5.9,4.4,5.7,0.0,4.9,5.1,7.6,5.4,5.7,5.6,4.9,6.1,6.0,4.8,5.0,6.5,4.7
187,WR,Devin Funchess,CAR,5,5.5,4.5,6.0,6.4,5.4,0.0,3.5,6.9,5.2,5.1,4.5,6.3,5.3,5.2,7.0,4.7,5.7,6.6
188,RB,Isaiah Crowell,CLE,11,5.5,4.3,7.8,6.9,6.0,4.2,5.0,5.0,6.0,5.5,4.4,0.0,5.2,6.7,5.4,4.1,6.1,5.3
189,PK,David Akers,FA,12,5.5,5.5,5.5,5.5,5.5,5.5,5.5,5.5,5.5,5.5,5.5,5.5,0.0,5.5,5.5,5.5,5.5,5.5
190,WR,Terrance Williams,DAL,6,5.5,6.0,5.9,7.3,5.4,5.9,0.0,4.9,4.5,7.2,5.6,4.0,5.4,5.4,4.3,5.6,3.8,6.5
191,WR,Eddie Royal,CHI,7,5.4,5.7,7.6,4.0,6.3,4.1,4.9,0.0,5.4,4.2,5.4,5.6,4.7,5.3,7.1,4.5,6.1,6.0
192,WR,Torrey Smith,SF,10,5.4,4.9,5.5,5.6,5.2,4.8,6.4,4.4,4.9,7.2,0.0,3.6,6.9,5.7,4.1,6.1,4.5,6.0
193,WR,Eric Decker,NYJ,5,5.3,5.2,4.6,7.4,4.1,0.0,6.7,5.0,4.9,5.9,4.8,5.3,5.0,5.0,5.9,5.6,6.1,3.9
194,WR,Brian Quick,STL,6,5.3,4.4,5.3,6.8,5.7,4.3,0.0,5.1,4.8,4.1,7.1,5.3,5.0,7.0,5.5,6.9,3.6,3.9
195,QB,Ryan Fitzpatrick,NYJ,5,5.3,5.2,4.5,7.3,4.1,0.0,6.6,4.9,4.8,5.8,4.7,5.2,5.0,5.0,5.8,5.6,6.0,3.8
196,WR,Steve Johnson,SD,10,5.2,5.7,5.2,4.2,5.3,7.0,4.5,6.0,5.4,7.3,0.0,4.7,4.9,5.3,3.8,5.1,4.9,4.4
197,TE,Kyle Rudolph,MIN,5,5.2,4.0,5.6,4.7,4.3,0.0,4.6,4.5,5.8,6.1,4.8,5.3,6.0,4.5,5.7,7.1,6.0,4.3
198,WR,Breshad Perriman,BAL,9,5.1,4.3,4.8,6.2,5.6,5.1,4.0,5.7,4.7,0.0,5.8,6.1,4.2,4.0,4.5,4.6,6.8,5.1
199,WR,DeVante Parker,MIA,5,5.1,5.1,4.5,4.4,5.4,0.0,4.5,6.0,4.6,3.6,5.6,6.4,4.4,6.2,5.7,3.7,5.2,5.7
200,PK,Dustin Hopkins,BUF,8,5.0,5.5,5.5,4.5,5.5,4.5,5.5,4.5,0.0,5.5,4.5,4.5,4.5,5.5,4.5,4.5,5.5,5.5
201,RB,David Cobb,TEN,4,4.9,4.6,5.4,5.5,0.0,4.9,6.0,5.7,3.9,5.2,5.3,4.3,5.8,5.3,3.6,3.9,4.8,4.5
202,WR,Michael Floyd,ARI,9,4.9,6.2,5.5,4.5,5.7,4.3,5.2,6.1,3.9,0.0,3.4,5.8,3.7,4.7,4.7,5.5,5.0,4.2
203,TE,Austin Seferian-Jenkins,TB,6,4.9,4.9,4.6,4.3,4.6,4.9,0.0,4.5,5.0,5.1,5.7,5.0,3.8,6.2,5.6,4.2,6.0,3.7
204,TE,Antonio Gates,SD,10,4.8,5.3,4.8,3.9,4.9,6.5,4.1,5.6,5.0,6.8,0.0,4.3,4.5,5.0,3.6,4.7,4.5,4.1
205,QB,Kellen Clemens,SD,10,4.8,5.3,4.8,3.9,4.8,6.5,4.1,5.5,5.0,6.7,0.0,4.3,4.5,4.9,3.5,4.7,4.5,4.0
206,WR,Markus Wheaton,PIT,11,4.8,4.6,4.6,4.7,6.1,3.7,6.6,3.5,5.8,5.5,4.8,0.0,3.5,5.2,4.8,4.9,5.0,3.9
207,TE,Jordan Reed,WAS,8,4.8,4.1,5.1,4.1,6.0,5.0,3.9,5.8,0.0,4.1,5.6,3.7,5.1,5.7,4.9,3.9,4.9,4.6
208,TE,Dwayne Allen,IND,10,4.7,3.3,4.9,4.1,5.0,4.5,5.2,5.8,3.8,4.5,0.0,5.2,6.0,4.9,4.1,5.5,3.5,5.0
209,TE,Vernon Davis,SF,10,4.7,4.3,4.8,4.9,4.6,4.2,5.6,3.9,4.3,6.3,0.0,3.2,6.0,5.0,3.6,5.3,3.9,5.3
210,RB,Bishop Sankey,TEN,4,4.6,4.2,5.0,5.1,0.0,4.6,5.6,5.3,3.7,4.9,4.9,4.0,5.4,4.9,3.4,3.6,4.5,4.2
211,RB,Reggie Bush,SF,10,4.6,5.8,3.5,4.0,5.7,5.1,4.2,4.1,4.0,5.5,0.0,3.3,4.9,4.2,5.2,5.4,3.2,4.9
212,RB,Duke Johnson,CLE,11,4.5,3.5,6.4,5.7,4.9,3.5,4.1,4.1,5.0,4.5,3.6,0.0,4.3,5.5,4.5,3.4,5.1,4.4
213,WR,Brandon Coleman,NO,11,4.4,4.4,5.3,3.4,5.2,4.5,5.6,3.4,4.6,4.4,4.1,0.0,3.9,4.1,4.3,4.3,4.4,4.6
214,PK,Kai Forbath,WAS,8,4.4,4.8,4.8,4.0,4.8,4.0,4.0,4.8,0.0,4.0,4.8,4.0,4.8,4.8,4.0,4.8,4.0,4.0
215,RB,Darren McFadden,DAL,6,4.4,5.8,3.8,5.1,4.7,4.2,0.0,4.7,3.8,4.7,4.1,4.4,4.8,3.7,4.3,4.0,3.6,4.5
216,RB,Darren Sproles,PHI,8,4.3,4.1,4.1,3.2,3.6,5.6,5.7,3.8,0.0,3.4,5.3,4.9,3.0,3.4,4.3,4.5,4.4,4.7
217,QB,Rex Grossman,FA,12,4.3,4.3,4.3,4.3,4.3,4.3,4.3,4.3,4.3,4.3,4.3,4.3,0.0,4.3,4.3,4.3,4.3,4.3
218,WR,Kenny Stills,MIA,5,4.2,4.2,3.7,3.7,4.4,0.0,3.7,4.9,3.8,3.0,4.6,5.3,3.6,5.1,4.7,3.1,4.3,4.7
219,WR,Rueben Randle,NYG,11,4.2,4.1,5.4,4.9,2.8,3.6,4.4,5.0,4.1,4.2,4.4,0.0,4.0,4.2,3.0,4.0,3.1,5.4
220,WR,Phillip Dorsett,IND,10,4.2,2.9,4.3,3.6,4.4,3.9,4.5,5.1,3.4,4.0,0.0,4.6,5.3,4.3,3.6,4.8,3.1,4.4
221,PK,David Buehler,DAL,6,4.1,4.5,3.7,4.5,3.7,4.5,0.0,3.7,4.5,4.5,3.7,3.7,4.5,3.7,3.7,4.5,3.7,4.5
222,WR,Marvin Jones,CIN,7,4.1,3.8,3.8,4.2,3.6,3.6,3.0,0.0,4.5,4.1,5.0,4.6,4.9,3.3,5.5,3.2,3.4,5.2
223,RB,Knile Davis,KC,9,4.1,3.4,3.5,4.1,3.9,4.6,4.2,3.8,3.5,0.0,2.9,4.3,4.2,4.1,5.2,3.0,5.7,5.0
224,WR,Percy Harvin,BUF,8,4.0,4.2,4.5,3.1,4.6,3.6,4.7,3.6,0.0,3.7,3.5,3.7,2.8,4.8,4.5,4.1,5.1,4.3
225,WR,Michael Crabtree,OAK,6,4.0,5.0,5.2,3.4,4.7,4.2,0.0,3.1,4.6,4.5,4.0,3.7,3.8,3.7,3.4,4.3,3.8,3.0
226,WR,Cody Latimer,DEN,7,4.0,5.1,3.0,3.6,4.0,3.8,3.3,0.0,4.2,3.5,3.6,4.6,4.7,3.1,4.6,4.4,4.9,3.8
227,QB,Blaine Gabbert,SF,10,4.0,3.7,4.1,4.2,3.9,3.6,4.7,3.3,3.7,5.3,0.0,2.7,5.1,4.3,3.1,4.5,3.3,4.5
228,RB,Montee Ball,DEN,7,4.0,3.4,4.0,2.6,4.7,3.7,4.2,0.0,4.6,3.5,4.9,3.5,3.7,3.9,4.5,2.9,4.4,4.8
229,WR,Dorial Green-Beckham,TEN,4,4.0,4.2,3.1,4.1,0.0,3.5,3.7,5.4,3.8,4.1,4.0,3.5,4.4,4.3,3.5,3.6,4.7,3.3
230,WR,Doug Baldwin,SEA,9,4.0,3.6,3.2,5.2,4.0,3.7,3.9,2.9,4.0,0.0,5.1,3.5,5.0,3.0,3.9,3.7,4.4,4.2
231,RB,DeAngelo Williams,PIT,11,3.9,3.2,3.7,3.5,3.5,4.1,4.2,4.2,4.6,4.8,5.4,0.0,2.8,4.5,3.8,3.4,2.9,4.4
232,RB,Roy Helu,OAK,6,3.9,4.5,3.4,4.3,3.5,3.3,0.0,4.0,3.5,2.9,4.8,2.6,4.2,5.0,2.7,4.7,4.9,4.1
233,WR,Cecil Shorts,HOU,9,3.9,3.4,3.2,5.1,4.4,4.0,3.5,3.0,4.2,0.0,3.7,4.2,4.9,2.8,4.4,3.3,3.5,4.3
234,WR,Tavon Austin,STL,6,3.8,3.2,3.9,4.9,4.1,3.1,0.0,3.7,3.5,3.0,5.1,3.8,3.7,5.0,4.0,5.0,2.6,2.9
235,WR,Tyler Lockett,SEA,9,3.8,3.5,3.1,5.0,3.9,3.6,3.8,2.8,3.9,0.0,5.0,3.4,4.8,2.9,3.7,3.6,4.3,4.1
236,QB,Christian Ponder,OAK,6,3.8,4.7,5.0,3.2,4.4,4.0,0.0,3.0,4.3,4.3,3.8,3.5,3.6,3.5,3.3,4.1,3.6,2.9
237,RB,Charles Sims,TB,6,3.8,4.9,3.9,3.0,4.0,4.0,0.0,3.1,3.5,4.9,3.5,3.2,3.4,4.3,4.8,3.2,4.1,3.3
238,RB,Jonas Gray,NE,4,3.8,3.6,3.2,4.2,0.0,3.0,3.6,3.5,4.8,4.0,4.2,3.9,2.7,4.2,3.2,5.2,2.9,3.9
239,QB,Jimmy Garoppolo,NE,4,3.7,4.8,2.7,4.1,0.0,3.9,3.2,4.0,3.5,4.6,3.5,3.3,3.0,5.1,3.6,4.1,3.3,2.9
240,RB,Cameron Artis-Payne,CAR,5,3.7,3.1,3.5,4.6,3.3,0.0,2.5,3.8,4.0,4.3,3.9,3.6,2.8,3.8,4.2,3.9,3.4,4.0
241,TE,Larry Donnell,NYG,11,3.7,3.6,4.8,4.3,2.5,3.2,3.8,4.4,3.6,3.7,3.9,0.0,3.5,3.7,2.6,3.5,2.7,4.7
242,RB,David Johnson,ARI,9,3.6,5.0,3.4,3.5,4.0,2.6,2.9,3.4,4.2,0.0,2.7,4.4,2.9,3.3,4.7,3.3,4.6,3.3
243,TE,Coby Fleener,IND,10,3.6,2.5,3.8,3.1,3.9,3.4,3.9,4.4,2.9,3.5,0.0,4.0,4.6,3.7,3.1,4.2,2.7,3.8
244,RB,Fred Jackson,BUF,8,3.6,4.0,3.5,3.6,4.8,3.9,4.2,3.2,0.0,4.4,2.7,2.9,3.8,3.5,3.2,3.0,3.4,3.2
245,WR,Donte Moncrief,IND,10,3.6,2.5,3.7,3.1,3.8,3.4,3.9,4.4,2.9,3.4,0.0,3.9,4.6,3.7,3.1,4.1,2.7,3.8
246,WR,Dwayne Bowe,CLE,11,3.6,3.1,3.9,3.9,2.6,3.5,3.5,3.4,4.7,3.4,3.7,0.0,4.3,4.2,3.2,2.5,2.5,4.6
247,WR,Cole Beasley,DAL,6,3.5,3.9,3.8,4.7,3.5,3.8,0.0,3.2,2.9,4.6,3.6,2.6,3.5,3.5,2.8,3.6,2.5,4.2
248,TE,Eric Ebron,DET,9,3.5,2.6,2.8,3.5,2.5,4.8,4.8,3.4,2.5,0.0,2.9,4.0,4.9,3.6,3.4,3.7,3.3,3.9
249,WR,Cordarrelle Patterson,MIN,5,3.5,2.7,3.8,3.2,2.9,0.0,3.1,3.1,3.9,4.1,3.2,3.6,4.0,3.0,3.9,4.8,4.1,2.9
250,WR,Kevin White,CHI,7,3.5,3.7,4.8,2.5,4.0,2.6,3.1,0.0,3.5,2.7,3.5,3.6,3.0,3.3,4.5,2.8,3.9,3.8
